-- insert regions
insert into region (code, name) values (2,'Africa');
insert into region (code, name) values (9,'Oceania');
insert into region (code, name) values (19,'Americas');
insert into region (code, name) values (142,'Asia');
insert into region (code, name) values (150,'Europe');

insert into sub_region (code, name, code_region) values (15,'Northern Africa',2);
insert into sub_region (code, name, code_region) values (21,'Northern America',19);
insert into sub_region (code, name, code_region) values (30,'Eastern Asia',142);
insert into sub_region (code, name, code_region) values (34,'Southern Asia',142);
insert into sub_region (code, name, code_region) values (35,'South-eastern Asia',142);
insert into sub_region (code, name, code_region) values (39,'Southern Europe',150);
insert into sub_region (code, name, code_region) values (53,'Australia and New Zealand',9);
insert into sub_region (code, name, code_region) values (54,'Melanesia',9);
insert into sub_region (code, name, code_region) values (57,'Micronesia',9);
insert into sub_region (code, name, code_region) values (61,'Polynesia',9);
insert into sub_region (code, name, code_region) values (143,'Central Asia',142);
insert into sub_region (code, name, code_region) values (145,'Western Asia',142);
insert into sub_region (code, name, code_region) values (151,'Eastern Europe',150);
insert into sub_region (code, name, code_region) values (154,'Northern Europe',150);
insert into sub_region (code, name, code_region) values (155,'Western Europe',150);
insert into sub_region (code, name, code_region) values (202,'Sub-Saharan Africa',2);
insert into sub_region (code, name, code_region) values (419,'Latin America and the Caribbean',19);

insert into countries (code, alpha2_code, alpha3_code, name, code_region, code_sub_region)  values (12, 'DZ','DZA','Algeria',2,15);
insert into countries (code, alpha2_code, alpha3_code, name, code_region, code_sub_region)  values (818, 'EG','EGY','Egypt',2,15);
insert into countries (code, alpha2_code, alpha3_code, name, code_region, code_sub_region)  values (434, 'LY','LBY','Libya',2,15);
insert into countries (code, alpha2_code, alpha3_code, name, code_region, code_sub_region)  values (504, 'MA','MAR','Morocco',2,15);
insert into countries (code, alpha2_code, alpha3_code, name, code_region, code_sub_region)  values (729, 'SD','SDN','Sudan',2,15);
insert into countries (code, alpha2_code, alpha3_code, name, code_region, code_sub_region)  values (788, 'TN','TUN','Tunisia',2,15);
insert into countries (code, alpha2_code, alpha3_code, name, code_region, code_sub_region)  values (732, 'EH','ESH','Western Sahara',2,15);
insert into countries (code, alpha2_code, alpha3_code, name, code_region, code_sub_region)  values (60, 'BM','BMU','Bermuda',19,21);
insert into countries (code, alpha2_code, alpha3_code, name, code_region, code_sub_region)  values (124, 'CA','CAN','Canada',19,21);
insert into countries (code, alpha2_code, alpha3_code, name, code_region, code_sub_region)  values (304, 'GL','GRL','Greenland',19,21);
insert into countries (code, alpha2_code, alpha3_code, name, code_region, code_sub_region)  values (666, 'PM','SPM','Saint Pierre and Miquelon',19,21);
insert into countries (code, alpha2_code, alpha3_code, name, code_region, code_sub_region)  values (840, 'US','USA','United States of America',19,21);
insert into countries (code, alpha2_code, alpha3_code, name, code_region, code_sub_region)  values (156, 'CN','CHN','China',142,30);
insert into countries (code, alpha2_code, alpha3_code, name, code_region, code_sub_region)  values (344, 'HK','HKG','Hong Kong',142,30);
insert into countries (code, alpha2_code, alpha3_code, name, code_region, code_sub_region)  values (392, 'JP','JPN','Japan',142,30);
insert into countries (code, alpha2_code, alpha3_code, name, code_region, code_sub_region)  values (408, 'KP','PRK','Korea, Democratic People''s Republic of',142,30);
insert into countries (code, alpha2_code, alpha3_code, name, code_region, code_sub_region)  values (410, 'KR','KOR','Korea, Republic of',142,30);
insert into countries (code, alpha2_code, alpha3_code, name, code_region, code_sub_region)  values (446, 'MO','MAC','Macao',142,30);
insert into countries (code, alpha2_code, alpha3_code, name, code_region, code_sub_region)  values (496, 'MN','MNG','Mongolia',142,30);
insert into countries (code, alpha2_code, alpha3_code, name, code_region, code_sub_region)  values (4, 'AF','AFG','Afghanistan',142,34);
insert into countries (code, alpha2_code, alpha3_code, name, code_region, code_sub_region)  values (50, 'BD','BGD','Bangladesh',142,34);
insert into countries (code, alpha2_code, alpha3_code, name, code_region, code_sub_region)  values (64, 'BT','BTN','Bhutan',142,34);
insert into countries (code, alpha2_code, alpha3_code, name, code_region, code_sub_region)  values (356, 'IN','IND','India',142,34);
insert into countries (code, alpha2_code, alpha3_code, name, code_region, code_sub_region)  values (364, 'IR','IRN','Iran, Islamic Republic of',142,34);
insert into countries (code, alpha2_code, alpha3_code, name, code_region, code_sub_region)  values (462, 'MV','MDV','Maldives',142,34);
insert into countries (code, alpha2_code, alpha3_code, name, code_region, code_sub_region)  values (524, 'NP','NPL','Nepal',142,34);
insert into countries (code, alpha2_code, alpha3_code, name, code_region, code_sub_region)  values (586, 'PK','PAK','Pakistan',142,34);
insert into countries (code, alpha2_code, alpha3_code, name, code_region, code_sub_region)  values (144, 'LK','LKA','Sri Lanka',142,34);
insert into countries (code, alpha2_code, alpha3_code, name, code_region, code_sub_region)  values (96, 'BN','BRN','Brunei Darussalam',142,35);
insert into countries (code, alpha2_code, alpha3_code, name, code_region, code_sub_region)  values (116, 'KH','KHM','Cambodia',142,35);
insert into countries (code, alpha2_code, alpha3_code, name, code_region, code_sub_region)  values (360, 'ID','IDN','Indonesia',142,35);
insert into countries (code, alpha2_code, alpha3_code, name, code_region, code_sub_region)  values (418, 'LA','LAO','Lao People''s Democratic Republic',142,35);
insert into countries (code, alpha2_code, alpha3_code, name, code_region, code_sub_region)  values (458, 'MY','MYS','Malaysia',142,35);
insert into countries (code, alpha2_code, alpha3_code, name, code_region, code_sub_region)  values (104, 'MM','MMR','Myanmar',142,35);
insert into countries (code, alpha2_code, alpha3_code, name, code_region, code_sub_region)  values (608, 'PH','PHL','Philippines',142,35);
insert into countries (code, alpha2_code, alpha3_code, name, code_region, code_sub_region)  values (702, 'SG','SGP','Singapore',142,35);
insert into countries (code, alpha2_code, alpha3_code, name, code_region, code_sub_region)  values (764, 'TH','THA','Thailand',142,35);
insert into countries (code, alpha2_code, alpha3_code, name, code_region, code_sub_region)  values (626, 'TL','TLS','Timor-Leste',142,35);
insert into countries (code, alpha2_code, alpha3_code, name, code_region, code_sub_region)  values (704, 'VN','VNM','Viet Nam',142,35);
insert into countries (code, alpha2_code, alpha3_code, name, code_region, code_sub_region)  values (8, 'AL','ALB','Albania',150,39);
insert into countries (code, alpha2_code, alpha3_code, name, code_region, code_sub_region)  values (20, 'AD','AND','Andorra',150,39);
insert into countries (code, alpha2_code, alpha3_code, name, code_region, code_sub_region)  values (70, 'BA','BIH','Bosnia and Herzegovina',150,39);
insert into countries (code, alpha2_code, alpha3_code, name, code_region, code_sub_region)  values (191, 'HR','HRV','Croatia',150,39);
insert into countries (code, alpha2_code, alpha3_code, name, code_region, code_sub_region)  values (292, 'GI','GIB','Gibraltar',150,39);
insert into countries (code, alpha2_code, alpha3_code, name, code_region, code_sub_region)  values (300, 'GR','GRC','Greece',150,39);
insert into countries (code, alpha2_code, alpha3_code, name, code_region, code_sub_region)  values (336, 'VA','VAT','Holy See',150,39);
insert into countries (code, alpha2_code, alpha3_code, name, code_region, code_sub_region)  values (380, 'IT','ITA','Italy',150,39);
insert into countries (code, alpha2_code, alpha3_code, name, code_region, code_sub_region)  values (470, 'MT','MLT','Malta',150,39);
insert into countries (code, alpha2_code, alpha3_code, name, code_region, code_sub_region)  values (499, 'ME','MNE','Montenegro',150,39);
insert into countries (code, alpha2_code, alpha3_code, name, code_region, code_sub_region)  values (807, 'MK','MKD','North Macedonia',150,39);
insert into countries (code, alpha2_code, alpha3_code, name, code_region, code_sub_region)  values (620, 'PT','PRT','Portugal',150,39);
insert into countries (code, alpha2_code, alpha3_code, name, code_region, code_sub_region)  values (674, 'SM','SMR','San Marino',150,39);
insert into countries (code, alpha2_code, alpha3_code, name, code_region, code_sub_region)  values (688, 'RS','SRB','Serbia',150,39);
insert into countries (code, alpha2_code, alpha3_code, name, code_region, code_sub_region)  values (705, 'SI','SVN','Slovenia',150,39);
insert into countries (code, alpha2_code, alpha3_code, name, code_region, code_sub_region)  values (724, 'ES','ESP','Spain',150,39);
insert into countries (code, alpha2_code, alpha3_code, name, code_region, code_sub_region)  values (36, 'AU','AUS','Australia',9,53);
insert into countries (code, alpha2_code, alpha3_code, name, code_region, code_sub_region)  values (162, 'CX','CXR','Christmas Island',9,53);
insert into countries (code, alpha2_code, alpha3_code, name, code_region, code_sub_region)  values (166, 'CC','CCK','Cocos (Keeling) Islands',9,53);
insert into countries (code, alpha2_code, alpha3_code, name, code_region, code_sub_region)  values (334, 'HM','HMD','Heard Island and McDonald Islands',9,53);
insert into countries (code, alpha2_code, alpha3_code, name, code_region, code_sub_region)  values (554, 'NZ','NZL','New Zealand',9,53);
insert into countries (code, alpha2_code, alpha3_code, name, code_region, code_sub_region)  values (574, 'NF','NFK','Norfolk Island',9,53);
insert into countries (code, alpha2_code, alpha3_code, name, code_region, code_sub_region)  values (242, 'FJ','FJI','Fiji',9,54);
insert into countries (code, alpha2_code, alpha3_code, name, code_region, code_sub_region)  values (540, 'NC','NCL','New Caledonia',9,54);
insert into countries (code, alpha2_code, alpha3_code, name, code_region, code_sub_region)  values (598, 'PG','PNG','Papua New Guinea',9,54);
insert into countries (code, alpha2_code, alpha3_code, name, code_region, code_sub_region)  values (90, 'SB','SLB','Solomon Islands',9,54);
insert into countries (code, alpha2_code, alpha3_code, name, code_region, code_sub_region)  values (548, 'VU','VUT','Vanuatu',9,54);
insert into countries (code, alpha2_code, alpha3_code, name, code_region, code_sub_region)  values (316, 'GU','GUM','Guam',9,57);
insert into countries (code, alpha2_code, alpha3_code, name, code_region, code_sub_region)  values (296, 'KI','KIR','Kiribati',9,57);
insert into countries (code, alpha2_code, alpha3_code, name, code_region, code_sub_region)  values (584, 'MH','MHL','Marshall Islands',9,57);
insert into countries (code, alpha2_code, alpha3_code, name, code_region, code_sub_region)  values (583, 'FM','FSM','Micronesia, Federated States of',9,57);
insert into countries (code, alpha2_code, alpha3_code, name, code_region, code_sub_region)  values (520, 'NR','NRU','Nauru',9,57);
insert into countries (code, alpha2_code, alpha3_code, name, code_region, code_sub_region)  values (580, 'MP','MNP','Northern Mariana Islands',9,57);
insert into countries (code, alpha2_code, alpha3_code, name, code_region, code_sub_region)  values (585, 'PW','PLW','Palau',9,57);
insert into countries (code, alpha2_code, alpha3_code, name, code_region, code_sub_region)  values (581, 'UM','UMI','United States Minor Outlying Islands',9,57);
insert into countries (code, alpha2_code, alpha3_code, name, code_region, code_sub_region)  values (16, 'AS','ASM','American Samoa',9,61);
insert into countries (code, alpha2_code, alpha3_code, name, code_region, code_sub_region)  values (184, 'CK','COK','Cook Islands',9,61);
insert into countries (code, alpha2_code, alpha3_code, name, code_region, code_sub_region)  values (258, 'PF','PYF','French Polynesia',9,61);
insert into countries (code, alpha2_code, alpha3_code, name, code_region, code_sub_region)  values (570, 'NU','NIU','Niue',9,61);
insert into countries (code, alpha2_code, alpha3_code, name, code_region, code_sub_region)  values (612, 'PN','PCN','Pitcairn',9,61);
insert into countries (code, alpha2_code, alpha3_code, name, code_region, code_sub_region)  values (882, 'WS','WSM','Samoa',9,61);
insert into countries (code, alpha2_code, alpha3_code, name, code_region, code_sub_region)  values (772, 'TK','TKL','Tokelau',9,61);
insert into countries (code, alpha2_code, alpha3_code, name, code_region, code_sub_region)  values (776, 'TO','TON','Tonga',9,61);
insert into countries (code, alpha2_code, alpha3_code, name, code_region, code_sub_region)  values (798, 'TV','TUV','Tuvalu',9,61);
insert into countries (code, alpha2_code, alpha3_code, name, code_region, code_sub_region)  values (876, 'WF','WLF','Wallis and Futuna',9,61);
insert into countries (code, alpha2_code, alpha3_code, name, code_region, code_sub_region)  values (398, 'KZ','KAZ','Kazakhstan',142,143);
insert into countries (code, alpha2_code, alpha3_code, name, code_region, code_sub_region)  values (417, 'KG','KGZ','Kyrgyzstan',142,143);
insert into countries (code, alpha2_code, alpha3_code, name, code_region, code_sub_region)  values (762, 'TJ','TJK','Tajikistan',142,143);
insert into countries (code, alpha2_code, alpha3_code, name, code_region, code_sub_region)  values (795, 'TM','TKM','Turkmenistan',142,143);
insert into countries (code, alpha2_code, alpha3_code, name, code_region, code_sub_region)  values (860, 'UZ','UZB','Uzbekistan',142,143);
insert into countries (code, alpha2_code, alpha3_code, name, code_region, code_sub_region)  values (51, 'AM','ARM','Armenia',142,145);
insert into countries (code, alpha2_code, alpha3_code, name, code_region, code_sub_region)  values (31, 'AZ','AZE','Azerbaijan',142,145);
insert into countries (code, alpha2_code, alpha3_code, name, code_region, code_sub_region)  values (48, 'BH','BHR','Bahrain',142,145);
insert into countries (code, alpha2_code, alpha3_code, name, code_region, code_sub_region)  values (196, 'CY','CYP','Cyprus',142,145);
insert into countries (code, alpha2_code, alpha3_code, name, code_region, code_sub_region)  values (268, 'GE','GEO','Georgia',142,145);
insert into countries (code, alpha2_code, alpha3_code, name, code_region, code_sub_region)  values (368, 'IQ','IRQ','Iraq',142,145);
insert into countries (code, alpha2_code, alpha3_code, name, code_region, code_sub_region)  values (376, 'IL','ISR','Israel',142,145);
insert into countries (code, alpha2_code, alpha3_code, name, code_region, code_sub_region)  values (400, 'JO','JOR','Jordan',142,145);
insert into countries (code, alpha2_code, alpha3_code, name, code_region, code_sub_region)  values (414, 'KW','KWT','Kuwait',142,145);
insert into countries (code, alpha2_code, alpha3_code, name, code_region, code_sub_region)  values (422, 'LB','LBN','Lebanon',142,145);
insert into countries (code, alpha2_code, alpha3_code, name, code_region, code_sub_region)  values (512, 'OM','OMN','Oman',142,145);
insert into countries (code, alpha2_code, alpha3_code, name, code_region, code_sub_region)  values (275, 'PS','PSE','Palestine, State of',142,145);
insert into countries (code, alpha2_code, alpha3_code, name, code_region, code_sub_region)  values (634, 'QA','QAT','Qatar',142,145);
insert into countries (code, alpha2_code, alpha3_code, name, code_region, code_sub_region)  values (682, 'SA','SAU','Saudi Arabia',142,145);
insert into countries (code, alpha2_code, alpha3_code, name, code_region, code_sub_region)  values (760, 'SY','SYR','Syrian Arab Republic',142,145);
insert into countries (code, alpha2_code, alpha3_code, name, code_region, code_sub_region)  values (792, 'TR','TUR','Türkiye',142,145);
insert into countries (code, alpha2_code, alpha3_code, name, code_region, code_sub_region)  values (784, 'AE','ARE','United Arab Emirates',142,145);
insert into countries (code, alpha2_code, alpha3_code, name, code_region, code_sub_region)  values (887, 'YE','YEM','Yemen',142,145);
insert into countries (code, alpha2_code, alpha3_code, name, code_region, code_sub_region)  values (112, 'BY','BLR','Belarus',150,151);
insert into countries (code, alpha2_code, alpha3_code, name, code_region, code_sub_region)  values (100, 'BG','BGR','Bulgaria',150,151);
insert into countries (code, alpha2_code, alpha3_code, name, code_region, code_sub_region)  values (203, 'CZ','CZE','Czechia',150,151);
insert into countries (code, alpha2_code, alpha3_code, name, code_region, code_sub_region)  values (348, 'HU','HUN','Hungary',150,151);
insert into countries (code, alpha2_code, alpha3_code, name, code_region, code_sub_region)  values (498, 'MD','MDA','Moldova, Republic of',150,151);
insert into countries (code, alpha2_code, alpha3_code, name, code_region, code_sub_region)  values (616, 'PL','POL','Poland',150,151);
insert into countries (code, alpha2_code, alpha3_code, name, code_region, code_sub_region)  values (642, 'RO','ROU','Romania',150,151);
insert into countries (code, alpha2_code, alpha3_code, name, code_region, code_sub_region)  values (643, 'RU','RUS','Russian Federation',150,151);
insert into countries (code, alpha2_code, alpha3_code, name, code_region, code_sub_region)  values (703, 'SK','SVK','Slovakia',150,151);
insert into countries (code, alpha2_code, alpha3_code, name, code_region, code_sub_region)  values (804, 'UA','UKR','Ukraine',150,151);
insert into countries (code, alpha2_code, alpha3_code, name, code_region, code_sub_region)  values (248, 'AX','ALA','Åland Islands',150,154);
insert into countries (code, alpha2_code, alpha3_code, name, code_region, code_sub_region)  values (208, 'DK','DNK','Denmark',150,154);
insert into countries (code, alpha2_code, alpha3_code, name, code_region, code_sub_region)  values (233, 'EE','EST','Estonia',150,154);
insert into countries (code, alpha2_code, alpha3_code, name, code_region, code_sub_region)  values (234, 'FO','FRO','Faroe Islands',150,154);
insert into countries (code, alpha2_code, alpha3_code, name, code_region, code_sub_region)  values (246, 'FI','FIN','Finland',150,154);
insert into countries (code, alpha2_code, alpha3_code, name, code_region, code_sub_region)  values (831, 'GG','GGY','Guernsey',150,154);
insert into countries (code, alpha2_code, alpha3_code, name, code_region, code_sub_region)  values (352, 'IS','ISL','Iceland',150,154);
insert into countries (code, alpha2_code, alpha3_code, name, code_region, code_sub_region)  values (372, 'IE','IRL','Ireland',150,154);
insert into countries (code, alpha2_code, alpha3_code, name, code_region, code_sub_region)  values (833, 'IM','IMN','Isle of Man',150,154);
insert into countries (code, alpha2_code, alpha3_code, name, code_region, code_sub_region)  values (832, 'JE','JEY','Jersey',150,154);
insert into countries (code, alpha2_code, alpha3_code, name, code_region, code_sub_region)  values (428, 'LV','LVA','Latvia',150,154);
insert into countries (code, alpha2_code, alpha3_code, name, code_region, code_sub_region)  values (440, 'LT','LTU','Lithuania',150,154);
insert into countries (code, alpha2_code, alpha3_code, name, code_region, code_sub_region)  values (578, 'NO','NOR','Norway',150,154);
insert into countries (code, alpha2_code, alpha3_code, name, code_region, code_sub_region)  values (744, 'SJ','SJM','Svalbard and Jan Mayen',150,154);
insert into countries (code, alpha2_code, alpha3_code, name, code_region, code_sub_region)  values (752, 'SE','SWE','Sweden',150,154);
insert into countries (code, alpha2_code, alpha3_code, name, code_region, code_sub_region)  values (826, 'GB','GBR','United Kingdom of Great Britain and Northern Ireland',150,154);
insert into countries (code, alpha2_code, alpha3_code, name, code_region, code_sub_region)  values (40, 'AT','AUT','Austria',150,155);
insert into countries (code, alpha2_code, alpha3_code, name, code_region, code_sub_region)  values (56, 'BE','BEL','Belgium',150,155);
insert into countries (code, alpha2_code, alpha3_code, name, code_region, code_sub_region)  values (250, 'FR','FRA','France',150,155);
insert into countries (code, alpha2_code, alpha3_code, name, code_region, code_sub_region)  values (276, 'DE','DEU','Germany',150,155);
insert into countries (code, alpha2_code, alpha3_code, name, code_region, code_sub_region)  values (438, 'LI','LIE','Liechtenstein',150,155);
insert into countries (code, alpha2_code, alpha3_code, name, code_region, code_sub_region)  values (442, 'LU','LUX','Luxembourg',150,155);
insert into countries (code, alpha2_code, alpha3_code, name, code_region, code_sub_region)  values (492, 'MC','MCO','Monaco',150,155);
insert into countries (code, alpha2_code, alpha3_code, name, code_region, code_sub_region)  values (528, 'NL','NLD','Netherlands, Kingdom of the',150,155);
insert into countries (code, alpha2_code, alpha3_code, name, code_region, code_sub_region)  values (756, 'CH','CHE','Switzerland',150,155);
insert into countries (code, alpha2_code, alpha3_code, name, code_region, code_sub_region)  values (24, 'AO','AGO','Angola',2,202);
insert into countries (code, alpha2_code, alpha3_code, name, code_region, code_sub_region)  values (204, 'BJ','BEN','Benin',2,202);
insert into countries (code, alpha2_code, alpha3_code, name, code_region, code_sub_region)  values (72, 'BW','BWA','Botswana',2,202);
insert into countries (code, alpha2_code, alpha3_code, name, code_region, code_sub_region)  values (86, 'IO','IOT','British Indian Ocean Territory',2,202);
insert into countries (code, alpha2_code, alpha3_code, name, code_region, code_sub_region)  values (854, 'BF','BFA','Burkina Faso',2,202);
insert into countries (code, alpha2_code, alpha3_code, name, code_region, code_sub_region)  values (108, 'BI','BDI','Burundi',2,202);
insert into countries (code, alpha2_code, alpha3_code, name, code_region, code_sub_region)  values (132, 'CV','CPV','Cabo Verde',2,202);
insert into countries (code, alpha2_code, alpha3_code, name, code_region, code_sub_region)  values (120, 'CM','CMR','Cameroon',2,202);
insert into countries (code, alpha2_code, alpha3_code, name, code_region, code_sub_region)  values (140, 'CF','CAF','Central African Republic',2,202);
insert into countries (code, alpha2_code, alpha3_code, name, code_region, code_sub_region)  values (148, 'TD','TCD','Chad',2,202);
insert into countries (code, alpha2_code, alpha3_code, name, code_region, code_sub_region)  values (174, 'KM','COM','Comoros',2,202);
insert into countries (code, alpha2_code, alpha3_code, name, code_region, code_sub_region)  values (178, 'CG','COG','Congo',2,202);
insert into countries (code, alpha2_code, alpha3_code, name, code_region, code_sub_region)  values (180, 'CD','COD','Congo, Democratic Republic of the',2,202);
insert into countries (code, alpha2_code, alpha3_code, name, code_region, code_sub_region)  values (384, 'CI','CIV','Côte d''Ivoire',2,202);
insert into countries (code, alpha2_code, alpha3_code, name, code_region, code_sub_region)  values (262, 'DJ','DJI','Djibouti',2,202);
insert into countries (code, alpha2_code, alpha3_code, name, code_region, code_sub_region)  values (226, 'GQ','GNQ','Equatorial Guinea',2,202);
insert into countries (code, alpha2_code, alpha3_code, name, code_region, code_sub_region)  values (232, 'ER','ERI','Eritrea',2,202);
insert into countries (code, alpha2_code, alpha3_code, name, code_region, code_sub_region)  values (748, 'SZ','SWZ','Eswatini',2,202);
insert into countries (code, alpha2_code, alpha3_code, name, code_region, code_sub_region)  values (231, 'ET','ETH','Ethiopia',2,202);
insert into countries (code, alpha2_code, alpha3_code, name, code_region, code_sub_region)  values (260, 'TF','ATF','French Southern Territories',2,202);
insert into countries (code, alpha2_code, alpha3_code, name, code_region, code_sub_region)  values (266, 'GA','GAB','Gabon',2,202);
insert into countries (code, alpha2_code, alpha3_code, name, code_region, code_sub_region)  values (270, 'GM','GMB','Gambia',2,202);
insert into countries (code, alpha2_code, alpha3_code, name, code_region, code_sub_region)  values (288, 'GH','GHA','Ghana',2,202);
insert into countries (code, alpha2_code, alpha3_code, name, code_region, code_sub_region)  values (324, 'GN','GIN','Guinea',2,202);
insert into countries (code, alpha2_code, alpha3_code, name, code_region, code_sub_region)  values (624, 'GW','GNB','Guinea-Bissau',2,202);
insert into countries (code, alpha2_code, alpha3_code, name, code_region, code_sub_region)  values (404, 'KE','KEN','Kenya',2,202);
insert into countries (code, alpha2_code, alpha3_code, name, code_region, code_sub_region)  values (426, 'LS','LSO','Lesotho',2,202);
insert into countries (code, alpha2_code, alpha3_code, name, code_region, code_sub_region)  values (430, 'LR','LBR','Liberia',2,202);
insert into countries (code, alpha2_code, alpha3_code, name, code_region, code_sub_region)  values (450, 'MG','MDG','Madagascar',2,202);
insert into countries (code, alpha2_code, alpha3_code, name, code_region, code_sub_region)  values (454, 'MW','MWI','Malawi',2,202);
insert into countries (code, alpha2_code, alpha3_code, name, code_region, code_sub_region)  values (466, 'ML','MLI','Mali',2,202);
insert into countries (code, alpha2_code, alpha3_code, name, code_region, code_sub_region)  values (478, 'MR','MRT','Mauritania',2,202);
insert into countries (code, alpha2_code, alpha3_code, name, code_region, code_sub_region)  values (480, 'MU','MUS','Mauritius',2,202);
insert into countries (code, alpha2_code, alpha3_code, name, code_region, code_sub_region)  values (175, 'YT','MYT','Mayotte',2,202);
insert into countries (code, alpha2_code, alpha3_code, name, code_region, code_sub_region)  values (508, 'MZ','MOZ','Mozambique',2,202);
insert into countries (code, alpha2_code, alpha3_code, name, code_region, code_sub_region)  values (516, 'NA','NAM','Namibia',2,202);
insert into countries (code, alpha2_code, alpha3_code, name, code_region, code_sub_region)  values (562, 'NE','NER','Niger',2,202);
insert into countries (code, alpha2_code, alpha3_code, name, code_region, code_sub_region)  values (566, 'NG','NGA','Nigeria',2,202);
insert into countries (code, alpha2_code, alpha3_code, name, code_region, code_sub_region)  values (638, 'RE','REU','Réunion',2,202);
insert into countries (code, alpha2_code, alpha3_code, name, code_region, code_sub_region)  values (646, 'RW','RWA','Rwanda',2,202);
insert into countries (code, alpha2_code, alpha3_code, name, code_region, code_sub_region)  values (654, 'SH','SHN','Saint Helena, Ascension and Tristan da Cunha',2,202);
insert into countries (code, alpha2_code, alpha3_code, name, code_region, code_sub_region)  values (678, 'ST','STP','Sao Tome and Principe',2,202);
insert into countries (code, alpha2_code, alpha3_code, name, code_region, code_sub_region)  values (686, 'SN','SEN','Senegal',2,202);
insert into countries (code, alpha2_code, alpha3_code, name, code_region, code_sub_region)  values (690, 'SC','SYC','Seychelles',2,202);
insert into countries (code, alpha2_code, alpha3_code, name, code_region, code_sub_region)  values (694, 'SL','SLE','Sierra Leone',2,202);
insert into countries (code, alpha2_code, alpha3_code, name, code_region, code_sub_region)  values (706, 'SO','SOM','Somalia',2,202);
insert into countries (code, alpha2_code, alpha3_code, name, code_region, code_sub_region)  values (710, 'ZA','ZAF','South Africa',2,202);
insert into countries (code, alpha2_code, alpha3_code, name, code_region, code_sub_region)  values (728, 'SS','SSD','South Sudan',2,202);
insert into countries (code, alpha2_code, alpha3_code, name, code_region, code_sub_region)  values (834, 'TZ','TZA','Tanzania, United Republic of',2,202);
insert into countries (code, alpha2_code, alpha3_code, name, code_region, code_sub_region)  values (768, 'TG','TGO','Togo',2,202);
insert into countries (code, alpha2_code, alpha3_code, name, code_region, code_sub_region)  values (800, 'UG','UGA','Uganda',2,202);
insert into countries (code, alpha2_code, alpha3_code, name, code_region, code_sub_region)  values (894, 'ZM','ZMB','Zambia',2,202);
insert into countries (code, alpha2_code, alpha3_code, name, code_region, code_sub_region)  values (716, 'ZW','ZWE','Zimbabwe',2,202);
insert into countries (code, alpha2_code, alpha3_code, name, code_region, code_sub_region)  values (660, 'AI','AIA','Anguilla',19,419);
insert into countries (code, alpha2_code, alpha3_code, name, code_region, code_sub_region)  values (28, 'AG','ATG','Antigua and Barbuda',19,419);
insert into countries (code, alpha2_code, alpha3_code, name, code_region, code_sub_region)  values (32, 'AR','ARG','Argentina',19,419);
insert into countries (code, alpha2_code, alpha3_code, name, code_region, code_sub_region)  values (533, 'AW','ABW','Aruba',19,419);
insert into countries (code, alpha2_code, alpha3_code, name, code_region, code_sub_region)  values (44, 'BS','BHS','Bahamas',19,419);
insert into countries (code, alpha2_code, alpha3_code, name, code_region, code_sub_region)  values (52, 'BB','BRB','Barbados',19,419);
insert into countries (code, alpha2_code, alpha3_code, name, code_region, code_sub_region)  values (84, 'BZ','BLZ','Belize',19,419);
insert into countries (code, alpha2_code, alpha3_code, name, code_region, code_sub_region)  values (68, 'BO','BOL','Bolivia, Plurinational State of',19,419);
insert into countries (code, alpha2_code, alpha3_code, name, code_region, code_sub_region)  values (535, 'BQ','BES','Bonaire, Sint Eustatius and Saba',19,419);
insert into countries (code, alpha2_code, alpha3_code, name, code_region, code_sub_region)  values (74, 'BV','BVT','Bouvet Island',19,419);
insert into countries (code, alpha2_code, alpha3_code, name, code_region, code_sub_region)  values (76, 'BR','BRA','Brazil',19,419);
insert into countries (code, alpha2_code, alpha3_code, name, code_region, code_sub_region)  values (136, 'KY','CYM','Cayman Islands',19,419);
insert into countries (code, alpha2_code, alpha3_code, name, code_region, code_sub_region)  values (152, 'CL','CHL','Chile',19,419);
insert into countries (code, alpha2_code, alpha3_code, name, code_region, code_sub_region)  values (170, 'CO','COL','Colombia',19,419);
insert into countries (code, alpha2_code, alpha3_code, name, code_region, code_sub_region)  values (188, 'CR','CRI','Costa Rica',19,419);
insert into countries (code, alpha2_code, alpha3_code, name, code_region, code_sub_region)  values (192, 'CU','CUB','Cuba',19,419);
insert into countries (code, alpha2_code, alpha3_code, name, code_region, code_sub_region)  values (531, 'CW','CUW','Curaçao',19,419);
insert into countries (code, alpha2_code, alpha3_code, name, code_region, code_sub_region)  values (212, 'DM','DMA','Dominica',19,419);
insert into countries (code, alpha2_code, alpha3_code, name, code_region, code_sub_region)  values (214, 'DO','DOM','Dominican Republic',19,419);
insert into countries (code, alpha2_code, alpha3_code, name, code_region, code_sub_region)  values (218, 'EC','ECU','Ecuador',19,419);
insert into countries (code, alpha2_code, alpha3_code, name, code_region, code_sub_region)  values (222, 'SV','SLV','El Salvador',19,419);
insert into countries (code, alpha2_code, alpha3_code, name, code_region, code_sub_region)  values (238, 'FK','FLK','Falkland Islands (Malvinas)',19,419);
insert into countries (code, alpha2_code, alpha3_code, name, code_region, code_sub_region)  values (254, 'GF','GUF','French Guiana',19,419);
insert into countries (code, alpha2_code, alpha3_code, name, code_region, code_sub_region)  values (308, 'GD','GRD','Grenada',19,419);
insert into countries (code, alpha2_code, alpha3_code, name, code_region, code_sub_region)  values (312, 'GP','GLP','Guadeloupe',19,419);
insert into countries (code, alpha2_code, alpha3_code, name, code_region, code_sub_region)  values (320, 'GT','GTM','Guatemala',19,419);
insert into countries (code, alpha2_code, alpha3_code, name, code_region, code_sub_region)  values (328, 'GY','GUY','Guyana',19,419);
insert into countries (code, alpha2_code, alpha3_code, name, code_region, code_sub_region)  values (332, 'HT','HTI','Haiti',19,419);
insert into countries (code, alpha2_code, alpha3_code, name, code_region, code_sub_region)  values (340, 'HN','HND','Honduras',19,419);
insert into countries (code, alpha2_code, alpha3_code, name, code_region, code_sub_region)  values (388, 'JM','JAM','Jamaica',19,419);
insert into countries (code, alpha2_code, alpha3_code, name, code_region, code_sub_region)  values (474, 'MQ','MTQ','Martinique',19,419);
insert into countries (code, alpha2_code, alpha3_code, name, code_region, code_sub_region)  values (484, 'MX','MEX','Mexico',19,419);
insert into countries (code, alpha2_code, alpha3_code, name, code_region, code_sub_region)  values (500, 'MS','MSR','Montserrat',19,419);
insert into countries (code, alpha2_code, alpha3_code, name, code_region, code_sub_region)  values (558, 'NI','NIC','Nicaragua',19,419);
insert into countries (code, alpha2_code, alpha3_code, name, code_region, code_sub_region)  values (591, 'PA','PAN','Panama',19,419);
insert into countries (code, alpha2_code, alpha3_code, name, code_region, code_sub_region)  values (600, 'PY','PRY','Paraguay',19,419);
insert into countries (code, alpha2_code, alpha3_code, name, code_region, code_sub_region)  values (604, 'PE','PER','Peru',19,419);
insert into countries (code, alpha2_code, alpha3_code, name, code_region, code_sub_region)  values (630, 'PR','PRI','Puerto Rico',19,419);
insert into countries (code, alpha2_code, alpha3_code, name, code_region, code_sub_region)  values (652, 'BL','BLM','Saint Barthélemy',19,419);
insert into countries (code, alpha2_code, alpha3_code, name, code_region, code_sub_region)  values (659, 'KN','KNA','Saint Kitts and Nevis',19,419);
insert into countries (code, alpha2_code, alpha3_code, name, code_region, code_sub_region)  values (662, 'LC','LCA','Saint Lucia',19,419);
insert into countries (code, alpha2_code, alpha3_code, name, code_region, code_sub_region)  values (663, 'MF','MAF','Saint Martin (French part)',19,419);
insert into countries (code, alpha2_code, alpha3_code, name, code_region, code_sub_region)  values (670, 'VC','VCT','Saint Vincent and the Grenadines',19,419);
insert into countries (code, alpha2_code, alpha3_code, name, code_region, code_sub_region)  values (534, 'SX','SXM','Sint Maarten (Dutch part)',19,419);
insert into countries (code, alpha2_code, alpha3_code, name, code_region, code_sub_region)  values (239, 'GS','SGS','South Georgia and the South Sandwich Islands',19,419);
insert into countries (code, alpha2_code, alpha3_code, name, code_region, code_sub_region)  values (740, 'SR','SUR','Suriname',19,419);
insert into countries (code, alpha2_code, alpha3_code, name, code_region, code_sub_region)  values (780, 'TT','TTO','Trinidad and Tobago',19,419);
insert into countries (code, alpha2_code, alpha3_code, name, code_region, code_sub_region)  values (796, 'TC','TCA','Turks and Caicos Islands',19,419);
insert into countries (code, alpha2_code, alpha3_code, name, code_region, code_sub_region)  values (858, 'UY','URY','Uruguay',19,419);
insert into countries (code, alpha2_code, alpha3_code, name, code_region, code_sub_region)  values (862, 'VE','VEN','Venezuela, Bolivarian Republic of',19,419);
insert into countries (code, alpha2_code, alpha3_code, name, code_region, code_sub_region)  values (92, 'VG','VGB','Virgin Islands (British)',19,419);
insert into countries (code, alpha2_code, alpha3_code, name, code_region, code_sub_region)  values (850, 'VI','VIR','Virgin Islands (U.S.)',19,419);
insert into countries (code, alpha2_code, alpha3_code, name, code_region, code_sub_region)  values (10, 'AQ','ATA','Antarctica',null,null);
insert into countries (code, alpha2_code, alpha3_code, name, code_region, code_sub_region)  values (158, 'TW','TWN','Taiwan, Province of China', null, null);